pid,execve,openat,label
1,0,185,0
364,0,125,1
670,0,127,0
720,0,6,0
885,0,4,0
895,0,4,1
2075,0,42,0
2112,0,2,0
2209,0,6,0
2395,0,6,1
2603,0,9,0
13878,0,19,0
13917,0,487,0
13941,0,16,0
45993,0,305,1
46707,0,8,0
78749,1,334,1
78754,1,2,1
78755,1,3,1
78756,1,2,0
78757,1,1152,1
78758,1,2,0
78759,1,7,1
78760,1,9,1
78761,1,4,1
78762,1,4,1
78763,1,4,1
78764,1,4,1
78765,1,4,1
78766,1,4,1
78767,1,4,0
78768,1,4,0
78769,1,4,1
78770,1,4,1
78771,1,4,1
78772,1,4,0
78773,1,4,1
78774,1,3,0
78775,1,9,0
78776,1,4,0
78778,1,4,0
78780,1,4,0
78782,1,4,1
78784,1,4,1
78786,1,4,1
78788,1,4,1
78790,1,4,1
78792,1,4,0
78794,1,4,1
78796,1,4,1
78798,1,4,0
78800,1,4,1
78802,1,41,0
78803,1,2,1
78804,1,3,0
78805,1,2,1
78806,1,1152,1
78807,1,2,0
78808,1,7,0
78809,1,9,0
78810,1,4,0
78811,1,4,0
78812,1,4,0
78813,1,4,0
78814,1,4,0
78815,1,4,1
78816,1,4,1
78817,1,4,0
78818,1,4,1
78819,1,4,1
78820,1,4,1
78821,1,4,1
78822,1,4,0
78823,1,3,1
78824,1,9,0
78825,1,4,1
78827,1,4,1
78829,1,4,1
78831,1,4,0
78833,1,4,1
78835,1,4,0
78837,1,4,1
78839,1,4,0
78841,1,4,1
78843,1,4,0
78845,1,4,0
78847,1,4,1
78849,1,4,0
78851,1,41,1
78852,1,41,1
78853,1,2,1
78854,1,3,1
78855,1,2,1
78856,1,1152,1
78857,1,2,1
78858,1,7,1
78859,1,9,1
78860,1,4,1
78861,1,4,1
78862,1,4,0
78863,1,4,0
78864,1,4,1
78865,1,4,1
78866,1,4,1
78867,1,4,1
78868,1,4,1
78869,1,4,1
78870,1,4,1
78871,1,4,1
78872,1,4,0
78873,1,3,1
78874,1,9,0
78875,1,4,1
78877,1,4,1
78879,1,4,0
78881,1,4,1
78883,1,4,0
78885,1,4,1
78887,1,4,1
78889,1,4,0
78891,1,4,1
78893,1,4,0
78895,1,4,1
78897,1,4,0
78899,1,4,0
78904,1,41,1
